ID,Title,First_Name,Last_Name,Address,Phone,Email
3,Mr,Cristian,Jimenez, 4252 Calle de La Democracia Comunidad Valenciana 81296,901-682-061,10
4,Mrs,Ceylan,Balaban, 7904 Abanoz Sk Muş 37792,(637)-618-6435,10
5,Mr,Kader,Weerman, 22 Carmelietenstraat Groningen 78429,(215)-328-9826,kader.weerman@example.com
6,Miss,Evita,da Rocha, 9074 Rua Santa Rita  Ceará 92721,(46) 7977-2613,evita.darocha@example.com
7,Monsieur,Jeremy,Fleury, 4828 Rue de Bonnel Valais 3358,075 821 95 96,jeremy.fleury@example.com
8,Miss,Caroline,Graves, 7125 Henry Street Clare 72230,011-764-6881,caroline.graves@example.com
9,Mr,Tomothy,Hunt, 9686 North Road Mayo 86084,061-590-5653,tomothy.hunt@example.com
10,Ms,Monica,Ibañez, 602 Avenida de Andalucía Asturias 21107,953-553-169,monica.ibanez@example.com
11,Mrs,Isabella,Johansen, 8042 Gartnervænget Danmark 53876,43339967,isabella.johansen@example.com
12,Miss,Victoria,Hayes, 737 Richmond Road Gwynedd County ZA45 5LX,019467 98850,victoria.hayes@example.com
13,Miss,غزل,کوتی, 7133 آذربایجان اردبیل 26099,038-89146675,gzl.khwty@example.com
14,Mr,Benjamin,Patel, 8359 Regent Ave New Brunswick N8E 4A9,744-481-1878,benjamin.patel@example.com
15,Mr,Lewis,Edwards, 9922 Avondale Ave Australian Capital Territory 7505,01-8057-5110,lewis.edwards@example.com
16,Mrs,Jeanne,Jean-Baptiste, 7052 St. Catherine St British Columbia I5S 3B6,501-759-9852,jeanne.jean-baptiste@example.com
17,Mr,Ryder,Miller, 6817 Oak St Northwest Territories S2S 3N3,572-739-4303,ryder.miller@example.com
18,Monsieur,Noel,Legrand, 7938 Rue Abel-Gance Glarus 3626,077 279 97 07,noel.legrand@example.com
19,Mr,Abdirahman,Unhjem, 6542 Hekkveien Vestfold 1273,27938931,abdirahman.unhjem@example.com
20,Miss,Thea,Singh, 2585 Ward Street Nelson 68632,(658)-106-9566,thea.singh@example.com
21,Miss,Thea,Singh, 2585 Ward Street Nelson 68632,(658)-106-9566,thea.singh@example.com
22,Mr,Alexander,Silva, 7217 Victoria Road Limerick 39868,051-529-2408,alexander.silva@example.com
23,Mr,Alexander,Silva, 7217 Victoria Road Limerick 39868,051-529-2408,alexander.silva@example.com
24,Miss,Naomi,Roux, 2194 Avenue Tony-Garnier Deux-Sèvres 71934,03-64-71-72-92,naomi.roux@example.com
25,Mr,Eilev,Botten, 1304 Kabelgata Oppland 5232,61145969,eilev.botten@example.com
26,Mrs,Edna,Hall, 1184 E Center St Oklahoma 19431,(380)-387-9412,edna.hall@example.com
27,Mrs,Milja,Autio, 3290 Satakennankatu Satakunta 31786,07-236-886,milja.autio@example.com
28,Ms,Juana,Pascual, 7980 Calle de Argumosa Región de Murcia 26092,923-742-730,juana.pascual@example.com
29,Miss,Heidi,Wallace, 7900 Taylor St Western Australia 6547,03-1816-1934,heidi.wallace@example.com
30,Mademoiselle,Lucie,Gonzalez, 6597 Rue du Dauphiné Appenzell Innerrhoden 9200,078 466 62 47,lucie.gonzalez@example.com
